player_id,game_id,date,season,player_name,opponent_id,min,pts,reb,ast,fga,fgm,trend_pts,trend_reb,trend_ast,min_l10,fga_per_min_l10,proj_volume,pts_std_l10,pts_mean_l10,cv_l10,opp_avg_pts_allowed_l10,opp_avg_reb_allowed_l10,opp_avg_ast_allowed_l10
2544,0022400062,2024-10-22,2024-25,LeBron James,6,34.65,16,5,4,16,7,-0.12433530892826689,-0.10233779052580677,-0.1968776061473419,38.95333333333333,0.5246975291070285,20.43871775048245,4.164666186436201,29.3,0.1421387776940683,106.1,40.3,22.7
201143,0022400061,2024-10-22,2024-25,Al Horford,4,26.083333333333332,11,3,5,7,4,-0.791809267353025,-0.21745491225247238,0.049862036205630934,31.7,0.24125331901057417,7.647730212635201,6.9570108523704395,10.8,0.6441676715157814,112.4,39.2,28.1
201144,0022400062,2024-10-22,2024-25,Mike Conley,5,20.216666666666665,5,4,2,7,1,0.1090446833046193,-0.047624557853643945,-0.09226275571595635,28.0,0.30487631433832413,8.536536801473076,5.445691467165201,10.9,0.4996047217582753,114.5,44.5,28.7
201939,0022400072,2024-10-23,2024-25,Stephen Curry,7,25.066666666666666,17,9,10,10,4,-0.17743547099611098,-0.21139757283123967,-0.2781703091992213,33.57833333333333,0.5168436778053949,17.354749294575484,3.956710193526356,25.9,0.15276873334078594,110.4,44.8,26.4
201950,0022400061,2024-10-22,2024-25,Jrue Holiday,4,30.516666666666666,18,4,4,9,7,-0.4794701420050922,0.12530332325027793,-0.22017795162305728,38.7,0.28694954607610523,11.104947433145274,6.3324560795950395,15.9,0.39826767796195217,112.4,39.2,28.1
203076,0022400062,2024-10-22,2024-25,Anthony Davis,6,37.583333333333336,36,16,4,23,11,0.285714811329869,1.0036766250348939,0.27684981268672876,32.0,0.46277743470959937,14.80887791070718,13.268592824996745,22.5,0.589715236666522,106.1,40.3,22.7
203110,0022400072,2024-10-23,2024-25,Draymond Green,7,20.433333333333334,8,6,3,3,3,0.40409939340874756,-0.019366087613145094,0.4687082774277352,30.17333333333333,0.17814675861974327,5.3752815300863865,5.2068331172711035,7.0,0.7438333024673005,110.4,44.8,26.4
203497,0022400062,2024-10-22,2024-25,Rudy Gobert,5,35.333333333333336,13,14,2,8,5,-0.12334002205310936,-0.38281297113106816,-0.04979651946680684,33.2,0.2051267969371418,6.810209658313108,3.6893239368631248,11.5,0.32081077711853256,114.5,44.5,28.7
203924,0022400072,2024-10-23,2024-25,Jerami Grant,8,33.166666666666664,16,2,3,18,6,0.1932341732902464,0.057710296054489255,-0.1613618926494092,24.583333333333336,0.3304859290171734,8.124445755005514,7.315128919650725,9.8,0.7464417264949719,106.5,40.5,26.4
203937,0022400072,2024-10-23,2024-25,Kyle Anderson,7,14.85,2,5,3,2,1,0.29691384802711845,0.19638627581690488,0.17888400619603137,15.8,0.24742741327300152,3.9093531297134243,3.7357135269658546,4.8,0.7782736514512197,110.4,44.8,26.4
203944,0022400062,2024-10-22,2024-25,Julius Randle,5,34.31666666666667,16,9,4,10,5,-1.1301292995637975,-0.5143825248577808,-0.2841979633558896,9.408333333333335,0.45795454545454534,4.308589015151515,8.872554436137444,5.5,1.6131917156613533,114.5,44.5,28.7
203952,0022400072,2024-10-23,2024-25,Andrew Wiggins,7,23.066666666666666,20,4,2,15,8,-0.03510862610497789,-0.11731552183768025,0.09412304905667768,27.00333333333333,0.4296177932321007,11.601112476577491,4.115013163202913,15.6,0.2637828950771098,110.4,44.8,26.4
204060,0022400062,2024-10-22,2024-25,Joe Ingles,5,6.8,0,0,1,1,0,-0.1400867639856715,-0.10704601232317362,-0.18515738812057353,10.9,0.1569581807081807,1.7108441697191699,1.852925614624958,1.9,0.9752240076973463,114.5,44.5,28.7
1626156,0022400062,2024-10-22,2024-25,D'Angelo Russell,6,34.21666666666667,9,1,5,12,4,0.04321387050441951,0.039926531532821205,-0.1739501876983447,36.30166666666666,0.3559546420692198,12.921746764849459,7.454305243727701,14.3,0.5212800869739651,106.1,40.3,22.7
1626157,0022400061,2024-10-22,2024-25,Karl-Anthony Towns,3,23.616666666666667,12,7,3,9,5,0.9985800595862289,0.052370293128664785,-0.16488395425897,33.6,0.4625603123370685,15.542026494525503,6.08184913401252,18.1,0.33601376431008395,104.5,41.5,22.6
1626166,0022400061,2024-10-22,2024-25,Cameron Payne,3,20.716666666666665,11,3,4,10,5,0.20651582026914023,0.06593735687689439,0.01656169797671006,11.8,0.36819675225472326,4.344721676605735,3.6651512019742807,4.9,0.747990041219241,104.5,41.5,22.6
1626172,0022400072,2024-10-23,2024-25,Kevon Looney,7,14.083333333333334,2,6,2,2,0,0.025320167911585173,0.00860248591100439,0.09053868049339443,10.803333333333333,0.2797664302346838,3.022410001302034,3.2317865716108853,4.0,0.8079466429027213,110.4,44.8,26.4
1627741,0022400072,2024-10-23,2024-25,Buddy Hield,7,14.733333333333333,22,5,1,12,8,0.21876409223488724,-0.10706141365139352,-0.17825011120275044,12.5,0.4473949579831933,5.592436974789916,8.534895690308392,7.2,1.1854021792094989,110.4,44.8,26.4
1627759,0022400061,2024-10-22,2024-25,Jaylen Brown,4,29.9,23,7,1,18,7,-0.7689202027133484,0.10264016390462587,0.14413719789509938,39.3,0.45884539295643273,18.032623943187804,8.846845012017944,23.4,0.3780702996588865,112.4,39.2,28.1
1627780,0022400072,2024-10-23,2024-25,Gary Payton II,7,14.483333333333333,8,1,3,4,3,-0.11933736389693443,-0.08561400385367282,0.09353246938678948,16.59,0.3201427409014729,5.311168071555435,3.373096170846273,8.6,0.3922204849821248,110.4,44.8,26.4
1628369,0022400061,2024-10-22,2024-25,Jayson Tatum,4,30.3,37,4,10,18,14,-0.1989833509182528,-0.37118071012720943,0.12964525899159227,41.5,0.49854086880745985,20.689446055509585,7.775317071062485,25.7,0.30254152027480485,112.4,39.2,28.1
1628384,0022400061,2024-10-22,2024-25,OG Anunoby,3,34.166666666666664,4,5,3,7,1,-1.4881514057743483,-0.83878052593625,-0.13068913626974188,21.4,0.41710681696188945,8.926085882984433,10.13026269265618,9.8,1.0337002747608346,104.5,41.5,22.6
1628401,0022400061,2024-10-22,2024-25,Derrick White,4,26.633333333333333,24,3,4,13,8,-0.5694334904239471,0.20525931799302513,-0.5464126163039278,37.3,0.3328781302850622,12.416354259632818,4.325634186002219,15.4,0.28088533675339084,112.4,39.2,28.1
1628404,0022400061,2024-10-22,2024-25,Josh Hart,3,24.5,12,4,3,6,4,-0.6581974420942698,-0.608249325063617,-0.19554253184849754,41.1,0.25868573804675166,10.631983833721494,7.441624673267124,12.6,0.5906051327989781,104.5,41.5,22.6
1628436,0022400061,2024-10-22,2024-25,Luke Kornet,4,19.316666666666666,4,3,1,3,2,-0.4719992070462251,-0.2118563976822124,0.04822374907494503,6.2,0.1697673671357882,1.052557676241887,3.5962943891363204,2.4,1.4984559954734669,112.4,39.2,28.1
1628969,0022400061,2024-10-22,2024-25,Mikal Bridges,3,34.61666666666667,16,0,2,13,7,-0.5692626385272144,-0.31885184127929356,-0.04848053589791223,26.243333333333332,0.3314140846821619,8.697410295675535,3.8137179293235977,9.9,0.38522403326500987,104.5,41.5,22.6
1628973,0022400061,2024-10-22,2024-25,Jalen Brunson,3,24.5,22,1,2,14,9,-1.5534446516686802,-0.2741103111163861,-0.01881232927046078,38.7,0.6598875939523705,25.53764988595674,10.936178491593864,33.6,0.32548150272600784,104.5,41.5,22.6
1628978,0022400062,2024-10-22,2024-25,Donte DiVincenzo,5,31.55,10,3,3,11,3,0.9524391761348229,0.07582618099913233,-0.09721641616618769,37.1,0.4393151523542144,16.298592152341357,11.883228143526946,19.9,0.5971471428908013,114.5,44.5,28.7
1629001,0022400072,2024-10-23,2024-25,De'Anthony Melton,7,19.1,11,2,4,11,4,-0.25533177771948845,-0.12617483757465714,-0.12617483757465714,4.281666666666667,0.5136835766972753,2.199421847558834,2.162817093001072,1.3,1.663705456154671,110.4,44.8,26.4
1629014,0022400072,2024-10-23,2024-25,Anfernee Simons,8,32.61666666666667,15,2,3,12,5,-0.4035666804887913,-0.07957914475526776,-0.2699741338795251,7.083333333333333,0.31779352962559065,2.2510375015146002,4.3969686527576854,2.0,2.1984843263788427,106.5,40.5,26.4
1629028,0022400072,2024-10-23,2024-25,Deandre Ayton,8,30.95,10,11,2,12,5,-2.2388902933436547,-1.1389172977171835,-0.12214376775357605,33.263333333333335,0.6134881347845053,20.406660323381928,10.145606602531627,23.4,0.43357293173212086,106.5,40.5,26.4
1629060,0022400062,2024-10-22,2024-25,Rui Hachimura,6,35.083333333333336,18,5,1,14,7,-0.3040757555616491,-0.26831073828158203,-0.09902403719726174,30.586666666666666,0.3357358218079643,10.269039669699602,5.831904586934792,11.7,0.4984533834987002,106.1,40.3,22.7
1629216,0022400062,2024-10-22,2024-25,Gabe Vincent,6,17.216666666666665,2,2,2,2,1,-0.10004265719671393,0.009305672751439696,-0.048021189511089094,14.548333333333336,0.19969492867390676,2.9052283873242204,3.1073389830457026,2.1,1.479685230021763,106.1,40.3,22.7
1629637,0022400062,2024-10-22,2024-25,Jaxson Hayes,6,15.333333333333334,10,4,0,5,4,-0.45975965746788683,0.021629710793448248,-0.0060507457737857,10.231666666666666,0.14470728190563387,1.4805966726978104,4.448470398787532,2.7,1.6475816291805674,106.1,40.3,22.7
1629638,0022400062,2024-10-22,2024-25,Nickeil Alexander-Walker,5,28.366666666666667,14,5,0,7,5,-0.4164666108823839,-0.020638102678837235,-0.16542479267631735,19.6,0.2896027257056669,5.676213423831072,4.366539438350088,4.8,0.9096957163229351,114.5,44.5,28.7
1629674,0022400061,2024-10-22,2024-25,Neemias Queta,4,4.333333333333333,0,0,0,0,0,0.0691651205145073,0.0,0.0,0.5,0.0,0.0,0.6324555320336759,0.2,3.162277660168379,112.4,39.2,28.1
1629675,0022400062,2024-10-22,2024-25,Naz Reid,5,26.35,12,4,1,8,3,-0.3892988962208976,-0.04611314328058958,0.04536958441956197,22.9,0.38208313836072755,8.74970386846066,5.404730438339283,10.9,0.49584682920543877,114.5,44.5,28.7
1630162,0022400062,2024-10-22,2024-25,Anthony Edwards,5,41.06666666666667,27,6,3,25,10,0.3984819261467901,0.38192414735113045,0.12101459199462475,40.8,0.48019052879518,19.59177357484334,8.219894565422793,24.7,0.33278925366084183,114.5,44.5,28.7
1630166,0022400072,2024-10-23,2024-25,Deni Avdija,8,27.483333333333334,15,7,2,10,4,-0.7063332795270921,-0.21920455567466404,0.22298702972662604,35.435,0.3646325669841919,12.92075501108484,8.612652191849968,20.2,0.4263689203886123,106.5,40.5,26.4
1630183,0022400062,2024-10-22,2024-25,Jaden McDaniels,5,16.0,6,2,1,8,3,-0.6437553633904303,-0.28629134610004275,-0.13607181462071077,32.3,0.26891967444599024,8.686105484605484,7.242620765686659,13.3,0.5445579523072676,114.5,44.5,28.7
1630202,0022400061,2024-10-22,2024-25,Payton Pritchard,4,24.966666666666665,3,4,4,10,1,-0.19551017952032843,-0.025192524301080377,-0.051145183884225516,14.4,0.39486291486291486,5.686025974025974,4.648775226993763,5.5,0.8452318594534115,112.4,39.2,28.1
1630214,0022400061,2024-10-22,2024-25,Xavier Tillman,4,17.7,2,7,2,6,1,0.10419200002939721,0.03443729351265927,0.03458256025725365,4.1,0.14199134199134197,0.582164502164502,1.3165611772087917,0.8,1.6457014715109897,112.4,39.2,28.1
1630228,0022400072,2024-10-23,2024-25,Jonathan Kuminga,7,19.516666666666666,10,4,1,9,3,0.15367263659297495,-0.06415069686260307,0.1322555368414582,21.475,0.3676745086270725,7.895810072766383,9.028350409189434,11.2,0.8061027151061995,110.4,44.8,26.4
1630322,0022400072,2024-10-23,2024-25,Lindy Waters III,7,5.116666666666666,8,1,0,3,3,0.0,-0.02073851984222241,0.0,0.7,0.1666666666666667,0.1166666666666667,0.0,0.0,0.0,110.4,44.8,26.4
1630540,0022400061,2024-10-22,2024-25,Miles McBride,3,25.85,22,0,2,10,8,0.6104903784754945,0.20592355858834901,0.07774007235514194,27.2,0.33414453601953603,9.08873137973138,6.637435917246636,10.5,0.6321367540234891,104.5,41.5,22.6
1630541,0022400072,2024-10-23,2024-25,Moses Moody,7,14.883333333333333,15,2,2,11,5,0.8278962854551317,-0.08789226086394952,-0.026992117213347964,17.113333333333333,0.2955011798297155,5.057010190819199,4.624812308503869,7.5,0.6166416411338492,110.4,44.8,26.4
1630559,0022400062,2024-10-22,2024-25,Austin Reaves,6,36.03333333333333,12,9,4,14,6,0.2253990959600096,-0.1515048252908272,0.05719036339795546,32.79,0.37944275942929956,12.441928081686733,4.667856991049425,17.7,0.26372073395759466,106.1,40.3,22.7
1630573,0022400061,2024-10-22,2024-25,Sam Hauser,4,24.166666666666668,10,5,1,10,4,0.7911067395539397,0.16519676864896965,-0.03437437745263801,14.3,0.3369180097508271,4.817927539436828,4.498147766951786,5.3,0.8487071258399597,112.4,39.2,28.1
1630574,0022400061,2024-10-22,2024-25,Ariel Hukporti,3,6.083333333333333,0,4,0,0,0,0.0,0.0,0.0,6.083333333333333,0.0,0.0,,,0.0,104.5,41.5,22.6
1630579,0022400061,2024-10-22,2024-25,Jericho Sims,3,24.383333333333333,4,9,1,3,2,0.03464940140317535,0.03952145997359266,0.03458256025725365,2.4,0.14166666666666666,0.33999999999999997,1.4944341180973264,0.7,2.134905882996181,104.5,41.5,22.6
1630611,0022400072,2024-10-23,2024-25,Gui Santos,7,5.116666666666666,3,1,1,1,1,0.31605335676597546,0.23596625254694015,0.0274852292327226,4.986666666666666,0.3396306186025812,1.6936246847648715,4.0276819911981905,2.0,2.0138409955990952,110.4,44.8,26.4
1630625,0022400072,2024-10-23,2024-25,Dalano Banton,8,8.0,3,1,1,4,1,0.11780272284975313,0.14764365635751722,-0.17769235540184988,34.88666666666667,0.5614914180388766,19.588563937316277,7.103207413243372,20.7,0.34315011658180544,106.5,40.5,26.4
1630703,0022400072,2024-10-23,2024-25,Scoot Henderson,8,27.9,22,4,4,18,7,-0.4904807449084223,-0.009758192196267945,-0.8413072186300912,32.82666666666667,0.4974183538291077,16.328586495030176,8.38053299816505,18.3,0.45795262285054916,106.5,40.5,26.4
1631108,0022400062,2024-10-22,2024-25,Max Christie,6,11.416666666666666,2,2,0,3,0,-0.08126661206207869,-0.019935784251935047,0.0,0.47833333333333333,0.5202492211838005,0.24885254413291788,0.8432740427115899,0.4,2.1081851067789747,106.1,40.3,22.7
1631133,0022400072,2024-10-23,2024-25,Jabari Walker,8,7.283333333333333,0,2,0,0,0,-0.04873854190733609,-0.8649651752292079,-0.10987791042886538,30.370000000000005,0.29360354027207924,8.916739518063048,4.666666666666664,11.0,0.42424242424242403,106.5,40.5,26.4
1631200,0022400072,2024-10-23,2024-25,Kris Murray,8,9.916666666666666,1,1,1,2,0,-0.32073766303175966,0.8449596421425665,-0.08631733014370982,36.910000000000004,0.30169074915511657,11.135405551315353,2.1499353995462926,11.8,0.18219791521578751,106.5,40.5,26.4
1631210,0022400061,2024-10-22,2024-25,Jacob Toppin,3,2.783333333333333,0,0,0,1,0,0.0,0.0,0.0,0.0,0.3592814371257485,0.0,0.0,0.0,0.0,104.5,41.5,22.6
1631218,0022400072,2024-10-23,2024-25,Trayce Jackson-Davis,7,24.616666666666667,14,4,2,5,5,-0.6731291538951494,-0.5991210778335054,-0.008763684604787117,21.761666666666667,0.2653399746389771,5.774240081435207,4.195235392680595,9.4,0.4463016375192122,110.4,44.8,26.4
1641712,0022400072,2024-10-23,2024-25,Rayan Rupert,8,16.95,6,3,0,4,3,0.2041982791831727,0.01206005621449932,0.2447631405162251,31.226666666666667,0.2468574521079109,7.708535371156365,3.169297153067923,5.6,0.5659459201907006,106.5,40.5,26.4
1641739,0022400072,2024-10-23,2024-25,Toumani Camara,8,29.883333333333333,11,6,4,8,3,0.7821667377219136,-0.11378551972708512,-0.09575708947557421,30.65,0.24868449933026845,7.622179904472728,5.223876806442598,11.8,0.4427014242747964,106.5,40.5,26.4
1641764,0022400072,2024-10-23,2024-25,Brandin Podziemski,7,24.933333333333334,0,7,4,5,0,-0.9140377485128568,0.38990278354626734,-0.3280603627985442,25.881666666666668,0.2881992145064166,7.45907600345024,4.243949942107126,10.7,0.39663083571094643,110.4,44.8,26.4
1641775,0022400061,2024-10-22,2024-25,Jordan Walsh,4,6.083333333333333,0,0,1,1,0,0.0,0.03458256025725365,0.0,0.5,0.16438356164383564,0.08219178082191782,0.0,0.0,0.0,112.4,39.2,28.1
1641871,0022400072,2024-10-23,2024-25,Duop Reath,8,3.2666666666666666,3,1,1,2,1,0.7198154393831953,0.07471662031603359,-0.11838724766535419,15.516666666666666,0.5027271213859374,7.800649166838462,4.863697724525616,7.9,0.615657939813369,106.5,40.5,26.4
1642261,0022400062,2024-10-22,2024-25,Dalton Knecht,6,15.783333333333333,5,1,2,4,2,0.0,0.0,0.0,15.783333333333333,0.25343189017951423,3.9999999999999996,,,0.0,106.1,40.3,22.7
1642270,0022400072,2024-10-23,2024-25,Donovan Clingan,8,12.583333333333334,2,2,0,2,1,0.0,0.0,0.0,12.583333333333334,0.15894039735099336,1.9999999999999998,,,0.0,106.5,40.5,26.4
1642278,0022400061,2024-10-22,2024-25,Tyler Kolek,3,5.4,3,0,0,2,1,0.0,0.0,0.0,5.4,0.37037037037037035,2.0,,,0.0,104.5,41.5,22.6
1642355,0022400062,2024-10-22,2024-25,Bronny James,6,2.6833333333333336,0,1,0,2,0,0.0,0.0,0.0,2.6833333333333336,0.7453416149068323,2.0,,,0.0,106.1,40.3,22.7
1642359,0022400061,2024-10-22,2024-25,Pacome Dadiet,3,13.383333333333333,3,1,0,3,1,0.0,0.0,0.0,13.383333333333333,0.22415940224159403,3.0,,,0.0,104.5,41.5,22.6
